label	category	explanation	correction
0	syntax	". The mistake is in the verb tense. ""Rode"" should be in the past tense ""rode"" to correctly convey the action of the sentence.
"	". The correct version of the sentence is: ""The sailors rode the breeze clear of the rocks.""



"
1	none	". None.
"	". Your sentence is grammatically correct and there is no need for any changes.



"
1	none	". None.
"	". Your sentence is grammatically correct and there is no need for any changes.



"
1	none	". None.
"	". Your sentence is grammatically correct and there is no need for any changes.



"
0	syntax	". The mistake is in the word order. The correct order should be ""You eat the most, you want the least.""
"	". The correct version of the sentence is ""You eat the most, you want the least.""



"
0	syntax	". The mistake is in the subject-verb agreement. The verb ""eat"" should be in its base form ""eat"" instead of ""eats"" to match the subject ""you"".
"	". The correct version of the sentence would be: ""The more you would want, the less you would eat.""



"
0	syntax	". The mistake is in the subject-verb agreement. ""The more John eat"" should be ""The more John eats"" because ""eat"" is a verb that requires a plural subject.
"	". The correct version of the sentence would be: ""I demand that the more John eats, the more he pays.""



"
1	none	". None.
"	". Your sentence is grammatically correct and there is no need for any changes.



"
0	syntax	". The mistake is in the subject-verb agreement. ""The angrier Mary got"" should be ""The angrier Mary gets"" to match the past tense of the verb ""looked.""
"	". The correct version of the sentence would be: ""The angrier Mary gets, the more she looks at pictures.""



"
1	none	". None.
"	". Your sentence is grammatically correct and there is no need for any changes.



"
1	none	". None.
"	". Your sentence is grammatically correct and there is no need for any changes.



"
0	syntax	". The mistake is in the use of the word ""lots."" It should be ""more"" instead of ""lots"" to form a grammatically correct sentence.
"	". The correct version of the sentence is: ""John was more obnoxious than Fred.""



"
1	none	". None.
"	". Your sentence is grammatically correct and there is no need for any changes.



"
0	syntax	". The mistake is in the subject-verb agreement. The verb ""hates"" should agree with the subject ""Susan"" which is singular.
"	". The correct version of the sentence would be: ""The more Bill smokes, the more Susan hates him.""



"
0	syntax	". The mistake is in the subject-verb agreement. The verb ""appear"" is in the singular form, while the subject ""pictures"" is in the plural form.
"	". The correct version of the sentence would be: ""The more pictures of him that appear in the news, the more embarrassed John becomes.""



"
1	none	". None.
"	". Your sentence is grammatically correct and there is no need for any changes.



"
0	syntax	". The mistake is the missing article ""the"" before the word ""Sally.""
"	". The correct version of the sentence would be: ""Who does John visit Sally because he likes her?""



"
1	none	". None.
"	". The correct version of the sentence is: ""Marianne did not leave.""



"
1	none	". None.
"	". Your sentence is grammatically correct and there is no need for any changes.



"
1	none	". None.
"	". Your sentence is grammatically correct and there is no need for any changes.



"
0	syntax	". The mistake is in the verb ""believe."" It should be in the present tense ""believe"" instead of the past tense ""believed.""
"	". The correct version of the sentence is ""You will believe in Bob.""



"
1	none	". None.
"	". The correct version of the sentence is: ""John has not kissed Mary.""



"
0	syntax	". The mistake is the incorrect order of the subject and the verb. The correct order should be ""I said that never in my life had I seen a place like Bangor.""
"	". The correct version of the sentence is: ""I said that never in my life had I seen a place like Bangor.""



"
0	syntax	". The mistake is in the subject-verb agreement. The pronoun ""it"" does not agree with the subject ""Mickey.""
"	". The correct version of the sentence would be ""Mickey looked up.""



"
1	none	". None.
"	". The correct version of the sentence is: ""There tends to be a lot of discussion.""



"
1	none	". None.
"	". Your sentence is grammatically correct.



"
1	syntax	". None.
"	". The correct version of the sentence is: ""John is eager.""



"
1	none	". None.
"	". The correct version of the sentence is: ""We want John to win.""



"
0	syntax	". The mistake is the lack of an article ""the"" before the word ""box"".
"	". The correct version of the sentence would be: ""The box contains the ball from the tree.""



"
0	syntax	". The mistake is in the verb tense. ""Escape"" is a verb that requires a present tense ending, but it is in the past tense in your sentence.
"	". The correct version of the sentence would be: ""The tube was escaped by gas."" (Note: I changed ""was escaped"" to ""was escaping"" to make it present tense.)



"
1	none	". None.
"	". Your sentence is grammatically correct and there is no need for any changes.



"
1	none	". None.
"	". Your sentence is grammatically correct and there is no need for any changes.



"
0	syntax	". The mistake is in the verb form. ""Fill"" is a verb, but it should be ""filled"" to match the past tense of the sentence.
"	". The correct version of the sentence would be: ""What the water did to the bottle was fill it."" (Note: I corrected ""fill"" to ""filled"" in the sentence.)



"
0	syntax	". The mistake is in the verb tense. ""Fill"" is a present tense verb, but the sentence implies that the action of filling the bottle happened in the past. To correct the sentence, you can use the past tense of the verb, such as ""What the water did was fill the whole bottle.""
"	". The correct version of the sentence is: ""What the water did was fill the whole bottle.""



"
0	syntax	". The mistake is in the subject-verb agreement. The verb ""leaked"" should be in its base form ""leak"" as the subject ""tank"" is singular, while it is in its third form ""leaks"" as the subject ""tank"" is plural.
"	". The correct version of the sentence would be: ""The tank leaked fluid free.""



"
1	none	". None.
"	". Your sentence is grammatically correct and there is no need for any changes.



"
1	none	". None.
"	". The correct version of the sentence is: ""John owns the book.""



"
1	none	". None.
"	". Your sentence is grammatically correct and there is no need for any changes.



"
0	syntax	". The mistake is the missing article ""the"" before the word ""courts.""
"	". The correct version of the sentence would be: ""Most people probably consider, even though the courts didn't actually find, Klaus guilty of murder.""



"
1	syntax	". None.
"	". The correct version of the sentence is: ""Mary beautifully plays the violin.""



"
1	none	". None.
"	". Your sentence is grammatically correct and there is no need for any changes.



"
0	syntax	". The mistake is that the verb ""gave"" should be in its base form ""give"" as the subject ""Sue"" is third person singular.
"	". The correct version of the sentence would be: ""Sue gave to Bill a book.""



"
1	none	". None.
"	". The correct version of the sentence is: ""The men will all leave.""



"
1	none	". None.
"	". Your sentence is grammatically correct and there is no need for any correction.



"
0	syntax	". The mistake is in the word order. ""They represented seriously to the dean Mary as a genuine linguist"" should be ""They represented Mary as a genuine linguist to the dean.""
"	". The correct version of the sentence is ""They represented Mary as a genuine linguist to the dean.""



"
0	syntax	". The mistake is in the subject-verb agreement. The pronoun ""they"" does not agree with the subject ""us"" in number.
"	". The correct version of the sentence would be: ""We love they.""



"
1	none	". None.
"	". The correct version of the sentence is: ""It is nice to go abroad.""



"
0	syntax	". The mistake is the incorrect order of the subject and the verb. The sentence should be ""John intended for Mary to go abroad.""
"	". The correct version of the sentence is ""John intended for Mary to go abroad.""



"
1	none	". None.
"	". Your sentence is grammatically correct and there is no need for any changes.



"
1	none	". None.
"	". Your sentence is grammatically correct and there is no need for any changes.



"
1	none	". None.
"	". The correct version of the sentence is: ""John wants to read Fred's story, and I also want to.""



"
0	syntax	". The mistake is in the subject-verb agreement. The verb ""decided"" should be in its past tense form ""decided"" instead of ""deciding"" to match the subject ""we"".
"	". The corrected sentence would be: ""We wanted to invite someone, but we couldn't decide who to.""



"
0	syntax	". The mistake is the missing article ""the"" before the noun ""story.""
"	". The correct version of the sentence would be: ""The Mary will read Fred's story, and Joe will read Holly's.""



"
0	syntax	". The mistake is in the subject-verb agreement. The verb ""shouldn't"" should agree with its subject ""Holly"" in number.
"	". The correct version of the sentence would be: ""Mary claimed that eating cabbage, Holly shouldn't.""



"
0	syntax	". The mistake is the missing article ""the"" before the word ""bartender.""
"	". The correct version of the sentence would be: ""The bartender introduced Mary and I also came to be introduced.""



"
1	none	". None.
"	". Your sentence is grammatically correct.



"
0	syntax	". The mistake is in the subject-verb agreement. The verb ""bother"" should agree with its subject ""patrons"" in number. The correct sentence should be ""Joe's neuroses bother his patrons, and Sally's do too.""
"	". The correct version of the sentence is ""Joe's neuroses bother his patrons, and Sally's do too.""



"
0	syntax	". The mistake is in the word order. The correct order should be: ""I know which book Lilly read for class, and which book José didn't read.""
"	". The corrected sentence is: ""I know which book Lilly read for class, and which book José didn't read.""



"
0	syntax	". The mistake is in the placement of the comma. It should be after ""which Bob reviewed"" and before ""and this is the one which Fred won't do it.""
"	". The correct version of the sentence would be: ""This is the book which Bob reviewed, and this is the one which Fred won't do it.""



"
0	syntax	". The mistake is in the subject-verb agreement. The verb ""said"" should agree with its subject ""Bob"" in number, which is singular.
"	". The correct version of the sentence would be: ""I know which book Mag read, and which book Bob said that you hadn't.""



"
0	syntax	". The mistake is in the subject-verb agreement. The verb ""read"" should be in its base form ""read"" instead of ""reads"" to match the subject ""book"".
"	". The corrected sentence would be: ""I know which book Mag read and which book Bob read my report that you hadn't.""



"
0	syntax	". The mistake is in the word order. The correct order should be ""I'm sure I would like him to eat fruit more than I would cookies.""
"	". The correct version of the sentence is: ""I'm sure I would like him to eat fruit more than I would cookies.""



"
0	syntax	". The mistake is in the word order. The correct order should be: ""Mary talked about Rusty, and then Rusty talked about himself.""
"	". The corrected sentence is: ""Mary talked about Rusty, and then Rusty talked about himself.""



"
0	syntax	". The mistake is that you used the word ""talk"" twice in the same sentence, which is redundant.
"	". The correct version of the sentence would be: ""Fred talked about everything before Rusty talked about something.""



"
1	none	". None.
"	". The correct version of the sentence is: ""John often meets Mary.""



"
0	syntax	". The mistake is that ""perceives"" is the third person singular form of the verb ""perceive,"" which should be used instead.
"	". The correct version of the sentence is: ""The problem perceives easily.""



"
0	syntax	". The mistake is in the subject-verb agreement. The verb ""surrounded"" should be in its present participle form ""surrounding"" to agree with the subject ""hundred men.""
"	". The correct version of the sentence would be: ""A hundred men surrounded the fort.""



"
0	syntax	". The mistake is the missing article ""the"" before the word ""me"".
"	". The correct version of the sentence is: ""We elected me.""



"
0	syntax	". The mistake is in the subject-verb agreement. The verb ""submit"" should agree with the subject ""report"" in number.
"	". The correct version of the sentence would be: ""Which report, that John was incompetent, did he submit?""



"
1	syntax	". None.
"	". The correct version of the sentence is: ""Mary has always preferred lemons to limes.""



"
0	syntax	". The mistake is in the subject-verb agreement. The verb ""let"" should be in its base form ""let"" instead of ""let's"" because the subject is singular ""he"" and not plural ""he and the cats.""
"	". The correct version of the sentence would be: ""He let the cats whine.""



"
0	syntax	". The mistake is the lack of a verb in the sentence. It should be ""What did Bill buy?"" instead of ""What did Bill buy?""
"	". The correct version of the sentence is ""What did Bill buy?""



"
1	none	". None.
"	". The correct version of the sentence is: ""Mary saw the boy walking towards the railroad station.""



"
0	syntax	". The mistake is in the subject-verb agreement. The verb ""giver"" should be ""given"" to agree with the subject ""that.""
"	". The correct version of the sentence would be: ""A proof that the claim had been made was given that John had lied.""



"
1	none	". None.
"	". The correct version of the sentence is.



"
0	syntax	". The mistake is in the verb tense. ""Regarded"" should be in the past tense ""regarded"" instead of the present tense ""regards.""
"	". The correct version of the sentence would be: ""The mayor regarded as being absurd the proposal to build a sidewalk from Dartmouth to Smith.""



"
0	syntax	". The mistake is in the word order. The correct word order would be ""I want that Bill left to remain a secret.""
"	". The correct version of the sentence is ""I want that Bill left to remain a secret.""



"
0	syntax	". The mistake is the incorrect order of the subject and the verb. It should be ""I know a man who drives Tom.""
"	". The correct version of the sentence is ""I know a man who drives Tom.""



"
0	syntax	". The mistake is the missing article ""the"" before the word ""cats"".
"	". The correct version of the sentence would be: ""The drowning of cats, which is against the law, is hard to rescue.""



"
0	syntax	". The mistake is in the subject-verb agreement. The verb ""said"" should be in its base form ""say"" to agree with the subject ""Muriel.""
"	". The correct version of the sentence would be: ""Muriel said nothing else than that she had been insulted.""



"
0	syntax	". The mistake is in the subject of the sentence. ""Himself"" should be ""he himself"" to make the sentence grammatically correct.
"	". The correct version of the sentence would be: ""He himself is understood by Rutherford.""



"
1	none	". None.
"	". Your sentence is grammatically correct and convey your intended meaning.



"
0	syntax	". The mistake is in the subject-verb agreement. The verb ""is"" should agree with its subject ""proof"" which is a singular noun.
"	". The correct version of the sentence is: ""The proof that this set is recursive is difficult.""



"
0	syntax	". The mistake is in the word order. ""The lute and sings sound"" should be ""Sounds the lute and sings.""
"	". The correct version of the sentence is: ""The madrigals that Henry plays the lute and sings sound lousy.""



"
1	none	". None.
"	". The correct version of the sentence is.



"
0	syntax	". The mistake is the missing article ""the"" before the word ""what"".
"	". The correct version of the sentence would be: ""Where did you go and who ate what?""



"
0	syntax	". The mistake is in the subject-verb agreement. The verb ""elect"" should agree with its subject ""boy's"" which is in the plural form, so the verb should also be in the plural form ""did elect"".
"	". The correct version of the sentence would be: ""Which boy did we elect as guardian's employer president?""



"
0	syntax	". The mistake is in the subject of the sentence. ""How sane is Peter?"" should be ""Is Peter sane?"" because ""how"" is not used to ask about the state of being of a person.
"	". The correct version of the sentence is ""Is Peter sane?""



"
0	syntax	". The mistake is in the placement of the verb ""lives."" It should be placed after the second ""crosses"" to maintain subject-verb agreement.
"	". The correct version of the sentence would be: ""I live at the place where Route 150 crosses the River, and my dad lives at the place where Route 150 crosses the Hudson River too.""



"
0	syntax	". The mistake is the missing article ""the"" before the word ""Hudson River.""
"	". The correct version of the sentence would be: ""I live at the place where Route 150 crosses the Hudson River, and my dad lives there too.""



"
0	syntax	". The mistake is in the subject of the sentence. It should be ""Who is she trying to make up now?"" instead of ""Who is she trying to make up to now?""
"	". The correct version of the sentence is: ""Who is she trying to make up now?""



"
0	syntax	". The mistake is the incorrect order of the subject and the verb. The sentence should be ""The wind was gotten to negotiate an honorable end to the war in Vietnam.""
"	". The correct version of the sentence is ""The wind was gotten to negotiate an honorable end to the war in Vietnam.""



"
1	none	". None.
"	". The sentence is grammatically correct.



"
0	syntax	". The mistake is in the subject-verb agreement. The verb ""fire"" should agree with the subject ""principal"" in number, which is singular. The correct sentence should be: ""It was expected by the reporters that the principal would fire some teacher.""
"	". The correct version of the sentence is: ""It was expected by the reporters that the principal would fire some teacher.""



"
0	syntax	". The mistake is in the word ""quip."" It should be ""quiped"" or ""quipped"" to match the past tense of the verb ""wear.""
"	". The correct version of the sentence would be: ""Which hat did Mike quip that she never wore?"" or ""Which hat did Mike quip that she had never worn?""



"
0	syntax	". The mistake is in the subject of the sentence. ""Which girl"" is not agreed with the verb ""did Mike quip."" It should be ""Did Mike quip which girl?"" or ""Mike quip which girl?""
"	". The correct version of the sentence would be: ""Did Mike quip which girl never wore this hat?"" or ""Mike quip which girl never wore this hat?""



"
1	none	". None.
"	". The correct version of the sentence is.



"
0	syntax	". The mistake is the missing article ""the"" before the word ""money"".
"	". The correct version of the sentence would be: ""I won't have some money."" or ""I won't have any money.""



"
1	none	". None.
"	". The correct version of the sentence is.



"
0	syntax	". The mistake is the missing article ""the"" before the word ""money"".
"	". The correct version of the sentence would be: ""I won't ask you to believe that he tried to force me to give her any money.""



"
1	none	". None.
"	". The correct version of the sentence is.



"
0	syntax	". The mistake is that you have used the present participle ""talked"" instead of the base form ""talk"" when talking about a proper noun.
"	". The correct version of the sentence would be: ""I talked to Winston about himself.""



"
0	syntax	". The mistake is in the subject-verb agreement. The verb ""wanted"" should agree with its subject, which is ""the fuzz"" in both cases.
"	". The correct version of the sentence would be: ""That the fuzz wanted him worried, but that the fuzz wanted her didn't worry Mary.""



"
0	syntax	". The mistake is in the subject-verb agreement. ""I'll work on it"" should be ""I will work on it"" to match the verb ""will be working"" in the clause ""if Sam will be working on it.""
"	". The correct version of the sentence would be: ""I will work on it if Sam will be working on it.""



"
0	syntax	". The mistake is the missing article ""the"" before the word ""work on it.""
"	". The correct version of the sentence would be: ""I'll work on it if I can.""



"
0	syntax	". The mistake is the missing article ""the"" before the word ""knife"".
"	". The correct version of the sentence would be: ""Here's a knife for you to cut up the onions.""



"
0	syntax	". The mistake is in the word order. The correct order should be: ""Not everybody knows that Fluffy is sick.""
"	". The correct version of the sentence is: ""Not everybody knows that Fluffy is sick.""



"
0	syntax	". The mistake is in the spelling of the verb ""is"" as ""docter"" instead of ""doctor"".
"	". The correct version of the sentence would be: ""Maxwell is quite a doctor.""



"
0	syntax	". The mistake is the missing article ""the"" before the word ""woman.""
"	". The correct version of the sentence would be: ""The younger woman might have been tall and the older one definitely was, blond.""



"
0	syntax	". The mistake is the incorrect use of the verb ""to be"" in the sentence. The verb ""to be"" should be ""is"" before the subject ""Sheila.""
"	". The correct version of the sentence would be: ""Sally is tall and may be blond. Sheila is short and definitely is blond.""



"
0	syntax	". The mistake is the use of the present participle ""trying"" instead of the base form ""try"" to indicate the action of attempting or making an effort.
"	". The correct version of the sentence would be: ""I have to try to finish grading some papers.""



"
0	syntax	". The mistake is in the word order. The correct order should be: ""The socks are ready for you to put on.""
"	". The correct version of the sentence is: ""The socks are ready for you to put on.""



"
1	none	". None.
"	". The correct version of the sentence is: ""It is easy to play sonatas on this violin.""



"
0	syntax	". The mistake is the missing article ""the"" before the word ""sonatas.""
"	". The correct version of the sentence is: ""This violin is difficult to play sonatas on it.""



"
0	syntax	". The mistake is that you have used the conjunction ""and"" instead of the appropriate conjunction for a sentence with two independent clauses, which is ""or"" or ""but"".
"	". The correct version of the sentence would be either:
* ""My mother is easy to please, and my father is also easy to please.""
* ""My mother is easy to please, but my father is not.""
Note: The first option is more commonly used in English to connect two independent clauses with a coordinating conjunction.



"
0	syntax	". The mistake is in the subject-verb agreement. The verb ""had"" should agree with the subject ""Bill"" which is singular. It should be ""had"" instead of ""has"".
"	". The correct version of the sentence would be: ""Poor Bill, it has started to rain and he has no umbrella.""



"
0	syntax	". The mistake is in the subject-verb agreement. The verb ""is"" should be ""was"" to agree with the subject ""the cops.""
"	". The correct version of the sentence would be: ""That the cops spoke to the janitor about it yesterday is terrible; that robbery.""



"
0	syntax	". The mistake is the missing article ""the"" before the word ""student.""
"	". The correct version of the sentence would be: ""Every student, and he wears socks, is a swinger.""



"
0	syntax	". The mistake is in the subject-verb agreement. ""That girl"" should be ""He"" as ""he"" is the subject of the sentence.
"	". The correct version of the sentence would be ""He gave her my binoculars.""



"
0	syntax	". The mistake is in the word ""alleged."" It should be ""allege"" to match the past tense of the verb ""didn't.""
"	". The correct version of the sentence is: ""Bill didn't allege that Roger had eaten anything.""



"
0	syntax	". The mistake is in the word order. The correct word order would be: ""Nobody who hates to eat anything should work in a delicatessen.""
"	". The correct version of the sentence is: ""Nobody who hates to eat anything should work in a delicatessen.""



"
0	syntax	". The mistake is the missing article ""the"" before the word ""everybody.""
"	". The correct version of the sentence would be: ""The everybody around here who ever buys anything on credit talks in his sleep.""



"
0	syntax	". The mistake is in the subject-verb agreement. The verb ""had"" should be in its past participle form ""had"" instead of ""have"" to agree with the subject ""I"".
"	". The correct version of the sentence would be: ""I can't remember the name of someone who had misgivings.""



"
0	syntax	". The mistake is in the subject-verb agreement. The verb ""meets"" should be in its base form ""meet"" as the subject ""writer"" is singular, while the verb ""meets"" is in its third form, which is used for regular verbs in the past tense.
"	". The correct version of the sentence would be: ""No writer meets in Vienna.""



"
0	syntax	". The mistake is the incorrect use of the verb ""meets."" It should be ""meet"" in the past tense, as the sentence is in the past tense.
"	". The correct version of the sentence would be: ""No writer, nor any playwright, has met in Vienna.""



"
0	syntax	". The mistake is in the subject-verb agreement. The verb ""will marry"" should agree with the subject ""you"" in number, which is singular. The correct version of the sentence would be: ""That you will marry any student is not certain.""
"	". The correct version of the sentence is: ""That you will marry any student is not certain.""



"
0	syntax	". The mistake is in the verb form. The correct version of the sentence would be: ""Felicia kicked the ball off the bench.""
"	". The corrected sentence is: ""Felicia kicked the ball off the bench.""



"
0	syntax	". The mistake is in the verb ""sent"". It should be ""sentence"" to correctly convey the meaning of sending a package.
"	". The correct version of the sentence would be: ""I sent the package halfway around the world.""



"
0	syntax	". The mistake is in the verb tense. ""Gave"" is in the past tense, but the action of taking the ball out of the basket is ongoing and should be in the present tense.
"	". The correct version of the sentence would be: ""Sam is giving the ball out of the basket.""



"
0	syntax	". The mistake is in the subject-verb agreement. The verb ""offered"" should be in its base form ""offer"" as the subject ""Sam"" is singular, while the verb ""out"" is in its gerund form ""offering.""
"	". The correct version of the sentence would be: ""Sam offered the ball out of the basket.""



"
1	none	". None.
"	". The sentence is grammatically correct.



"
1	none	". None.
"	". The correct version of the sentence is: ""The worker will have a job.""



"
0	syntax	". The mistake is in the subject-verb agreement. ""No one"" is a singular noun, and it should be followed by a singular verb ""can forgive,"" not ""forgives.""
"	". The correct version of the sentence would be: ""No one can forgive that comment to you.""



"
0	syntax	". The mistake is the incorrect order of the subject and the verb. The sentence should be ""We launched the rocket to the moon, but it blew up before it got there.""
"	". The correct version of the sentence is ""We launched the rocket to the moon, but it blew up before it got there.""



"
0	syntax	". The mistake is the incorrect order of the subject and the verb in the second clause. The verb ""gave"" should come after the subject ""her son.""
"	". The correct version of the sentence would be: ""Sarah promised Catherine her old car, but then gave it to her son instead.""



"
0	syntax	". The mistake is in the use of the verb ""lent"" instead of ""lend.""
"	". The correct version of the sentence would be: ""I lend the book partway to Tony.""



"
1	none	". None.
"	". The correct version of the sentence is: ""The farmer loaded the cart with apples.""



"
0	syntax	". The mistake is in the subject-verb agreement. ""The farmer"" should be ""a farmer"" because ""dumped"" is a third-person singular verb, which requires a third-person singular subject.
"	". The correct version of the sentence would be: ""A farmer dumped the cart with apples.""



"
0	syntax	". The mistake is the incorrect order of the subject and the verb. The sentence should be ""Martha carved a toy out of wood for the baby.""
"	". The correct version of the sentence is ""Martha carved a toy out of wood for the baby.""



"
1	none	". None.
"	". The correct version of the sentence is: ""The bread cuts easily.""



"
0	syntax	". The mistake is the incorrect use of the verb ""to break."" It should be ""broke"" in the past tense to correctly convey the meaning of the sentence.
"	". The correct version of the sentence would be: ""Janet broke Bill's finger.""



"
1	none	". None.
"	". The correct version of the sentence is: ""Janet broke the cup.""



"
1	none	". None.
"	". The correct version of the sentence is: ""The visitor rang the bell.""



"
0	syntax	". The mistake is the missing article ""the"" before the word ""free"".
"	". The correct version of the sentence would be: ""We pulled the free.""



"
1	none	". None.
"	". The sentence is grammatically correct.



"
1	none	". None.
"	". The sentence is grammatically correct.



"
0	syntax	". The mistake is that you have used the wrong form of the verb ""to come."" You should use the present tense form ""comes"" instead of the past tense form ""came.""
"	". The correct version of the sentence would be: ""Sharon comes the room.""



"
1	syntax	". None.
"	". The correct version of the sentence is: ""Bill sent a package to Tom.""



"
1	none	". None.
"	". That acorn will grow into an oak tree.



"
1	none	". None.
"	". The sentence is grammatically correct.



"
1	none	". None.
"	". The sentence is grammatically correct.


"
0	syntax	". The mistake is in the verb tense. ""Threw"" is in the past tense, but the sentence is written in the present tense.
"	". The correct version of the sentence would be: ""Brian throws the fence with the stick.""



"
1	none	". None.
"	". The sentence is grammatically correct.



"
1	none	". None.
"	". The correct version of the sentence is: ""We investigated the area for bombs.""



"
1	none	". None.
"	". Your sentence is grammatically correct.



"
0	syntax	". The mistake is the incorrect use of the possessive apostrophe. Instead of adding an apostrophe after ""dedication,"" you should add it after ""volunteers"" to indicate ownership.
"	". The correct version of the sentence is: ""They praised the dedication of the volunteers.""



"
1	none	". None.
"	". The correct version of the sentence is: ""The earth was believed to be round.""



"
0	syntax	". Mistake: The verb ""smiled"" should be in its base form ""smile"" as it is the second verb in the infinitive phrase ""to smile a charming smile.""
"	". Corrected sentence: Sarah smiled a charming smile.



"
1	none	". None.
"	". The sentence is grammatically correct.



"
0	syntax	". The mistake is in the verb tense. ""You've"" is in the present perfect tense, which is used to describe an action that started in the past and continues to the present, while ""lived"" is in the simple past tense, which is used to describe an action that started in the past and ended at a specific time in the past.
"	". The correct version of the sentence would be: ""You have really lived it up.""



"
0	syntax	". The mistake is the incorrect order of the subject and the verb. The sentence should be ""Paperback books lift easily onto the table.""
"	". The correct version of the sentence is ""Paperback books lift easily onto the table.""



"
1	none	". None.
"	". The sentence is grammatically correct as it is.



"
1	none	". None.
"	". The sentence is grammatically correct.



"
1	none	". None.
"	". Your sentence is grammatically correct.



"
0	syntax	". The mistake is in the verb tense. ""Crammed"" is in the past tense, but the sentence is in the present tense. The correct verb to use in this sentence is ""cram"" in the present tense.
"	". The correct version of the sentence is: ""Jessica crams boxes at the truck.""



"
0	syntax	". The mistake is the incorrect order of the subject and the verb. The sentence should be ""Lora buttered the toast.""
"	". The correct version of the sentence is ""Lora buttered the toast.""



"
1	none	". None.
"	". The sentence is grammatically correct.



"
1	none	". None.
"	". Nora sent the book.



"
0	syntax	". The mistake is that the verb ""sent"" should be in its base form ""send"" to match the past tense of the sentence.
"	". The correct version of the sentence would be: ""Nora sent Peter the book.""



"
1	none	". None.
"	". The sentence is grammatically correct.



"
0	syntax	". The mistake is the lack of a verb in the sentence. It should be ""Carla slid at the book."" instead of ""Carla slid at the book.""
"	". The correct version of the sentence is ""Carla slid at the book.""



"
1	none	". None.
"	". The correct version of the sentence is: ""Amanda carried the package to Pamela.""



"
0	syntax	". The mistake is the incorrect use of the verb ""to drive."" It should be ""drives"" in the present tense to match the subject ""packages.""
"	". The correct version of the sentence would be: ""Packages drive easily to New York.""



"
1	syntax	". None.
"	". The correct version of the sentence is: ""The chair was pushed.""



"
1	none	". None.
"	". The correct version of the sentence is: ""We offered her a job.""



"
1	none	". None.
"	". The correct version of the sentence is: ""A job is offered.""



"
1	none	". None.
"	". The sentence is grammatically correct.



"
1	none	". None.
"	". The correct version of the sentence is: ""Carmen bought Mary a dress.""



"
1	syntax	". None.
"	". The correct version of the sentence is: ""Carmen obtained the spare part at the hardware store.""



"
0	syntax	". The mistake is in the subject-verb agreement. The verb ""kept"" should be in its past tense form ""kept"" instead of the present tense form ""keep"".
"	". The correct version of the sentence would be: ""Michelle kept the desk with the papers.""



"
0	syntax	". The mistake is in the verb tense. ""Hid"" is in the past tense, but it should be in the present tense to indicate the ongoing action of hiding the presents. The correct version of the sentence would be: ""Frances hides the presents in the drawer.""
"	". The corrected sentence is: ""Frances hides the presents in the drawer.""



"
1	none	". None.
"	". The sentence is grammatically correct.



"
1	none	". None.
"	". The sentence is grammatically correct.



"
0	syntax	". The mistake is in the order of the subject and the verb. ""Herman"" should come before ""whipped"" in the sentence.
"	". The correct version of the sentence would be: ""Herman whipped the sugar and cream.""



"
1	none	". None.
"	". The sentence is grammatically correct.



"
0	syntax	". The mistake is the lack of an article ""the"" before the word ""picture"".
"	". The correct version of the sentence would be: ""The Linda taped the picture onto the wall.""



"
1	none	". None.
"	". The sentence is grammatically correct.



"
1	none	". None.
"	". The sentence is grammatically correct.



"
0	syntax	". The mistake is the incorrect use of the pronoun ""that"" in the sentence, as it should refer to the flyer that is being contrasted with the flyer mentioned earlier.
"	". The correct version of the sentence would be: ""This flyer and this flyer differ apart.""



"
0	syntax	". The mistake is in the subject-verb agreement. The verb ""scribbled"" should be in its base form ""scribble"" as the subject ""the jeweller"" is singular.
"	". The correct version of the sentence would be: ""The jeweller scribbled the contract with his name.""



"
1	none	". None.
"	". The sentence is grammatically correct.



"
0	syntax	". The mistake is the use of the present tense ""shaped"" instead of the present perfect tense ""have shaped"" to describe a completed action in the past.
"	". The correct version of the sentence would be: ""I have shaped a loaf.""



"
0	syntax	". The mistake is in the subject of the sentence. It should be ""The children are amused"" instead of ""The children amused.""
"	". The correct version of the sentence is ""The children are amused.""



"
1	none	". None.
"	". The sentence is grammatically correct.



"
1	none	". None.
"	". The sentence is grammatically correct.



"
1	none	". None.
"	". Your sentence is grammatically correct.



"
1	none	". None.
"	". The correct version of the sentence is: ""Ellen said about the present conditions.""



"
1	none	". None.
"	". The sentence is grammatically correct.



"
1	none	". None.
"	". The correct version of the sentence is: ""Cynthia nibbled on the carrot.""



"
1	syntax	". None.
"	". The correct version of the sentence is: ""Cynthia chews.""



"
1	none	". None.
"	". The correct version of the sentence is: ""Paul laughed at Mary.""



"
0	syntax	". The mistake occurs because you used the preposition ""at"" instead of ""with"" when describing the action of winking.
"	". The correct version of the sentence is: ""Linda winked at her lip.""



"
0	syntax	". The mistake is the incorrect order of the subject and the verb. The sentence should be ""My heart is pounding.""
"	". The correct version of the sentence is ""My heart is pounding.""



"
1	none	". None.
"	". The sentence is grammatically correct.



"
1	none	". None.
"	". The sentence is grammatically correct.



"
1	none	". None.
"	". Your sentence is grammatically correct and there is no need for any correction.



"
0	syntax	". The mistake is in the verb ""squeaked."" It should be ""squeeze"" as ""squeaked"" is the past tense of ""squeeze.""
"	". The correct version of the sentence is: ""I squeezed the door.""



"
1	none	". None.
"	". The sentence is grammatically correct.



"
1	none	". None.
"	". The correct version of the sentence is: ""Soaring temperatures are predicted for this weekend.""



"
0	syntax	". The mistake is in the verb tense. ""Fluttered"" is in the past tense, but the sentence is describing a current or ongoing action. A better verb to use would be ""flutters"" or ""flapping.""
"	". A corrected version of the sentence could be: ""The fort flapped among many flags."" or ""The fort is flapping among many flags.""



"
1	none	". None.
"	". The sentence is grammatically correct.



"
1	none	". None.
"	". The correct version of the sentence is: ""The stream twists through the valley.""



"
1	none	". None.
"	". The correct version of the sentence is: ""There presented itself a wonderful opportunity yesterday.""



"
1	none	". None.
"	". The correct version of the sentence is: ""A wonderful opportunity presented itself to him yesterday.""



"
1	none	". None.
"	". The sentence is grammatically correct.



"
1	none	". None.
"	". Your sentence is grammatically correct and there is no need for any changes.



"
1	none	". None.
"	". The correct version of the sentence is: ""Jackie accompanied Rose.""



"
0	syntax	". The mistake is the incorrect use of the verb ""was"" in the sentence. ""Was"" is the correct verb for singular subjects, but ""many information"" is a plural subject, so the correct verb should be ""were.""
"	". The correct version of the sentence would be: ""Many information were provided.""



"
0	syntax	". The mistake is in the use of the verb ""offers"" instead of ""offers"".
"	". The correct version of the sentence is: ""John offers many advice.""



"
1	none	". None.
"	". The sentence is grammatically correct.



"
1	none	". None.
"	". The sentence is grammatically correct.



"
1	none	". None.
"	". The sentence is grammatically correct.



"
1	none	". None.
"	". The sentence is grammatically correct.



"
0	syntax	". The mistake is the lack of a subject in the sentence. It should be ""Wash you!"" instead.
"	". The correct version of the sentence is ""Wash you!""



"
0	syntax	". The mistake is a missing article ""the"" before the word ""in"".
"	". The correct version of the sentence would be: ""They have no in."" or ""They have no the in.""



"
0	syntax	". The mistake is the incorrect use of the possessive apostrophe. Instead of using 's, you should use ' of' to indicate that the jobs belong to you.
"	". The correct version of the sentence is: ""Some of my jobs are in jeopardy.""



"
0	syntax	". The mistake is in the subject-verb agreement. The verb ""met"" should be in its past tense form ""met"" instead of ""met"".
"	". The correct version of the sentence would be: ""It was the policeman who met several young students in the park last night.""



"
1	none	". None.
"	". The sentence is grammatically correct.



"
1	none	". None.
"	". Your sentence is grammatically correct.



"
0	syntax	". The mistake is in the subject-verb agreement. ""The monkeys"" should be ""a monkey"" because ""proud"" is a singular verb.
"	". The correct version of the sentence would be: ""A monkey is proud of its leader.""



"
0	syntax	". The mistake is that you forgot to add a verb after ""sounded"". Your sentence should be ""John sounded very, but I'm not sure if it's grammatically correct.""
"	". The correct version of the sentence is ""John sounded very, but I'm not sure if it's grammatically correct.""



"
0	syntax	". The mistake is the incorrect use of the verb ""should"" in the sentence. ""Should"" is used to indicate a condition or a recommendation, but in this context, it is used to express uncertainty.
"	". The correct version of the sentence would be: ""I don't know whether I should agree.""



"
1	none	". None.
"	". The correct version of the sentence is: ""John bought a book on the table.""



"
1	none	". None.
"	". The sentence is grammatically correct.



"
1	none	". None.
"	". The sentence is grammatically correct.



"
1	none	". None.
"	". The correct version of the sentence is: ""This teacher is a genius.""



"
0	syntax	". The mistake is in the verb tense. ""Remained"" is in the past tense, but it should be in the present tense to convey the correct meaning.
"	". The correct version of the sentence would be: ""A good friend has remained with me.""



"
1	syntax	". None.
"	". The correct version of the sentence is: ""John ate his noodles quietly.""



"
1	syntax	". None.
"	". The correct version of the sentence is: ""A smith hammered the metal."" (Note: The word ""a"" should be capitalized before a noun beginning with a vowel or ""a"" in this case, as it is the first word in the sentence.)



"
1	none	". None.
"	". The correct version of the sentence is: ""Sandy removed her ballet shoes.""



"
1	none	". None.
"	". The sentence is grammatically correct.



"
1	none	. There are no grammar mistakes in the sentence. 	". The sentence is grammatically correct and conveys a clear meaning



"
0	syntax	". The mistake is the missing article ""the"" before the word ""she"".
"	". The correct version of the sentence is: ""Everyone hoped that she would sing.""



"
1	none	. There are no grammar mistakes in the sentence. 	". The sentence is grammatically correct and conveys a clear meaning



"
1	none	. There are no grammar mistakes in the sentence. 	". The sentence is grammatically correct and conveys a clear meaning



"
1	none	". None.
"	". The correct version of the sentence is: ""John is afraid of Bill.""



"
0	syntax	". The mistake is that you used the preposition ""under"" incorrectly. ""Under"" is a preposition that requires an object, but in your sentence, ""under"" is followed by the gerund ""put."" To correct the sentence, you should use the preposition ""in"" instead of ""under.""
"	". The correct version of the sentence is: ""John put the bathtub under.""



"
1	none	". None.
"	". The correct version of the sentence is: ""John placed Kim behind the garage.""



"
0	syntax	". The mistake is the incorrect order of the subject and the verb. The correct order should be ""Sandy depends on Kim.""
"	". The correct version of the sentence is ""Sandy depends on Kim.""



"
1	syntax	". None.
"	". The correct version of the sentence is: ""John put the book in the box.""



"
1	none	". None.
"	". Your sentence is grammatically correct.



"
1	none	". None.
"	". The correct version of the sentence is: ""John regards Bill as a good friend.""



"
0	syntax	". The mistake is the missing article ""the"" before the word ""box"".
"	". The correct version of the sentence is ""The box is in the room.""



"
1	none	. There are no grammar mistakes in the sentence. 	". The sentence is grammatically correct and conveys a clear meaning



"
1	none	. There are no grammar mistakes in the sentence. 	". The sentence is grammatically correct and conveys a clear meaning



"
0	syntax	". The mistake is the incorrect order of the subject and the verb. The sentence should be ""That Bill was unpopular, and Fred nominated him.""
"	". The correct version of the sentence is ""That Bill was unpopular, and Fred nominated him.""



"
0	syntax	". The mistake is the missing article ""the"" before the word ""FTA"".
"	". The correct version of the sentence would be: ""They were taking a hard look at the possible FTA.""



"
0	syntax	". The mistake is in the word order. The correct order should be ""I paid John against the book.""
"	". The correct version of the sentence is ""I paid John against the book.""



"
1	none	. There are no grammar mistakes in the sentence. 	". The sentence is grammatically correct and conveys a clear meaning



"
1	none	. There are no grammar mistakes in the sentence. 	". The sentence is grammatically correct and conveys a clear meaning



"
1	none	. There are no grammar mistakes in the sentence. 	". The sentence is grammatically correct and conveys a clear meaning



"
0	syntax	". The mistake is in the subject-verb agreement. The verb ""reads"" should be ""read"" as the subject ""students"" is singular.
"	". The correct version of the sentence would be: ""Students studying English read Conrad's Heart of Darkness while at university.""



"
1	none	. There are no grammar mistakes in the sentence. 	". The sentence is grammatically correct and conveys a clear meaning



"
1	none	. There are no grammar mistakes in the sentence. 	". The sentence is grammatically correct and conveys a clear meaning



"
0	syntax	". The mistake is in the subject-verb agreement. The pronoun ""neither"" does not agree with the plural noun ""students."" It should be ""Neither of the students failed.""
"	". The correct version of the sentence is: ""Neither of the students failed.""



"
0	syntax	". The mistake is that the verb ""drink"" should be in the past tense ""drank"" to correctly convey the past action of drinking water.
"	". The correct version of the sentence would be: ""I drank some water.""



"
1	none	. There are no grammar mistakes in the sentence. 	". The sentence is grammatically correct and conveys a clear meaning



"
1	none	. There are no grammar mistakes in the sentence. 	". The sentence is grammatically correct and conveys a clear meaning



"
1	none	. There are no grammar mistakes in the sentence. 	". The sentence is grammatically correct and conveys a clear meaning



"
0	syntax	". The mistake is the incorrect order of the subject and the verb. It should be ""He washed himself.""
"	". The correct version of the sentence is ""He washed himself.""



"
0	syntax	". The mistake is the incorrect order of the subject and the verb. The sentence should be ""Kim is easy to please John.""
"	". The correct version of the sentence is ""Kim is easy to please John.""



"
0	syntax	". The mistake is in the subject-verb agreement. ""There"" is used as a subject, which should be ""intelligent"" instead.
"	". The correct version of the sentence would be: ""There seemed to be intelligent.""



"
1	none	". None.
"	". The sentence is grammatically correct.



"
0	syntax	". The mistake is the incorrect use of the verb ""to be"" in the sentence. Instead of ""being"" a fountain, it should be ""was"" or ""were"" depending on the context.
"	". The correct version of the sentence would be: ""We believed John to be a fountain in the park."" or ""We believed the fountain to be John in the park.""



"
1	none	". None.
"	". Your sentence is grammatically correct.



"
1	none	". None.
"	". The correct version of the sentence is: ""John tries to leave the country.""



"
0	syntax	". Mistake: The verb ""to hide"" should be in its base form ""hide"" because ""under the bed"" is a prepositional phrase acting as the subject of the sentence, not ""to hide"".
"	". Corrected sentence: Under the bed seems to be a fun place to hide.



"
1	none	". None.
"	". The correct version of the sentence is: ""There is believed to be sheep in the park.""



"
0	syntax	". The mistake is in the word order. The correct order should be ""I hope to study in France.""
"	". The correct version of the sentence is ""I hope to study in France.""



"
1	none	". None.
"	". The correct version of the sentence is: ""John can kick the ball.""



"
0	syntax	". The mistake is in the verb ""rain,"" which is a present tense verb, but it should be in the future tense to indicate that it will rain tomorrow. The correct form of the verb should be ""will rain.""
"	". The correct version of the sentence is: ""John will rain tomorrow.""



"
0	syntax	". The mistake is in the word order. The correct order should be ""We expect there to be rain.""
"	". The correct version of the sentence is ""We expect there to be rain.""



"
1	syntax	". None.
"	". The correct version of the sentence is: ""John was found in the office.""



"
0	syntax	". The mistake is in the subject-verb agreement. ""Did"" is the correct form of the verb ""to do"" for the first person singular, but ""be"" is the correct form of the verb ""to be"" for the third person singular.
"	". The correct version of the sentence would be: ""Is the child in the school?""



"
1	none	". None.
"	". The correct version of the sentence is: ""It did not rain.""



"
1	none	. There are no grammar mistakes in the sentence. 	". The sentence is grammatically correct and conveys a clear meaning



"
1	none	". None.
"	". The correct version of the sentence is: ""Mary likes to tour art galleries, but Bill hates it.""



"
1	none	. There are no grammar mistakes in the sentence. 	". The sentence is grammatically correct and conveys a clear meaning



"
1	none	". None.
"	". The correct version of the sentence is: ""Ann may spend her vacation in Italy.""



"
1	none	. There are no grammar mistakes in the sentence. 	". The sentence is grammatically correct and conveys a clear meaning



"
0	syntax	". The mistake is the missing article ""the"" before the word ""money"".
"	". The correct version of the sentence is: ""The has spent a lot of money, hasn't he?""



"
0	syntax	". The mistake is in the word order. The correct order should be: ""As a statesman, he could hardly do anything worth mentioning.""
"	". The correct version of the sentence is: ""As a statesman, he could hardly do anything worth mentioning.""



"
1	none	. There are no grammar mistakes in the sentence. 	". The sentence is grammatically correct and conveys a clear meaning



"
1	none	. There are no grammar mistakes in the sentence. 	". The sentence is grammatically correct and conveys a clear meaning



"
1	none	. There are no grammar mistakes in the sentence. 	". The sentence is grammatically correct and conveys a clear meaning



"
1	none	". None.
"	". The correct version of the sentence is: ""The car was driven.""



"
1	none	. There are no grammar mistakes in the sentence. 	". The sentence is grammatically correct and conveys a clear meaning



"
0	syntax	". The mistake is the incorrect order of the subject and the verb. The correct order should be ""The bed was slept in.""
"	". The correct version of the sentence is ""The bed was slept in.""



"
0	syntax	". The mistake is in the verb tense. ""Weighed"" should be ""Weigh"" as the pound is a noun, not a person.
"	". The correct version of the sentence is: ""A pound was weighed by the book.""



"
0	syntax	". The mistake is the lack of an article ""the"" before the word ""Tom saw.""
"	". The correct version of the sentence would be: ""Who do you think Tom saw?"" or ""Who do you think he saw?""
Note: The sentence is in the present tense, but it could be changed to past tense if the event has already happened, like ""Who did you think Tom saw?"" or ""Who did he see?""



"
1	none	". None.
"	". The correct version of the sentence is: ""He had spent five thousand dollars.""



"
0	syntax	". The mistake is in the subject-verb agreement. The verb ""to vote"" should agree with the subject ""politician"" which is in singular form.
"	". The correct version of the sentence would be: ""Fed knows which politician to vote for.""



"
0	syntax	". The mistake is the missing article ""the"" before the word ""computer"".
"	". The correct version of the sentence would be: ""Did you guess that he fixed the computer?""



"
0	syntax	". The mistake is in the subject-verb agreement. The verb ""to honor"" should agree with its subject ""whose efforts.""
"	". The correct version of the sentence would be: ""The committee knows whose efforts to achieve peace the world should honor.""



"
0	syntax	". The mistake is in the subject of the sentence. It should be ""Which house does your friend live in?"" instead of ""Which house does your friend live?""
"	". The correct version of the sentence is ""Which house does your friend live in?""



"
0	syntax	". The mistake is the missing article ""the"" before the word ""baker.""
"	". The correct version of the sentence would be: ""The baker, from whom I bought these bagels, left.""



"
1	none	". None.
"	". The correct version of the sentence is: ""I found the place where we can relax.""



"
0	syntax	". The mistake is in the subject-verb agreement. ""Jack is"" should be ""Jenny is"" as she is the one who fell in love with him.
"	". The correct version of the sentence would be: ""Jenny is the person with whom Jack fell in love.""



"
0	none	". None.
"	". The correct version of the sentence is: ""There is a bench where you can sit.""



"
1	syntax	". None.
"	". The correct version of the sentence is: ""I met the man who grows peaches.""



"
0	syntax	". The mistake is in the word order. The correct order should be: ""Which topic did you choose without getting his approval?""
"	". The correct version of the sentence is: ""Which topic did you choose without getting his approval?""



"
0	syntax	". The mistake is in the subject-verb agreement. ""You"" should be singular, so it should be ""Which topic did you get bored because Mary talked about?"" instead.
"	". The correct version of the sentence is: ""Which topic did you get bored because Mary talked about?""



"
0	syntax	". The mistake is the missing article ""the"" before the word ""resigned.""
"	". The correct version of the sentence would be: ""The reason why he resigned is that...""



"
0	syntax	". The mistake is in the subject-verb agreement. The subject of the sentence is ""It"" (the sentence itself), and the verb should agree with it in number. In this case, the verb ""bothers"" should be in its base form ""bothers"" instead of ""bothers me"" (which is the correct form for the pronoun ""me"" as the object of the verb).
"	". The correct version of the sentence would be: ""It bothers me that John coughs.""



"
0	syntax	". The mistake is the missing article ""the"" before the word ""John"".
"	". The correct version of the sentence is: ""The pleasing of John is easy.""



"
0	syntax	". The mistake is the incorrect order of the subject and the verb. The sentence should be ""Tom is eager to please Kim.""
"	". The correct version of the sentence is ""Tom is eager to please Kim.""



"
0	syntax	". The mistake is the missing article ""the"" before the word ""Iraq.""
"	". The correct version of the sentence would be: ""The invasion of Iraq really bites.""



"
0	syntax	". The mistake is in the subject-verb agreement. ""It"" should be ""I"" because ""It"" is a pronoun and cannot be used as the subject of a sentence.
"	". The correct version of the sentence would be ""I annoy that Fido barks.""



"
0	syntax	". The mistake is in the subject-verb agreement. ""Who"" is singular, but ""achieved"" is a plural verb.
"	". The correct version of the sentence would be: ""Who achieved the best result was Angela.""



"
0	syntax	". The mistake is in the subject of the sentence. ""It"" should be replaced with ""the"" to make the sentence correct.
"	". The correct version of the sentence is: ""The peasant girl got it.""



"
0	syntax	". The mistake is in the subject-verb agreement. ""That kind of person"" is a noun phrase functioning as the subject, but it does not agree with the verb ""is."" It should be ""That kind of person is hard to find.""
"	". The correct version of the sentence is: ""That kind of person is hard to find anyone to look after.""



"
1	syntax	". None.
"	". The correct version of the sentence is: ""A sick owl doesn't hunt mice.""



"
0	syntax	". The mistake is in the verb tense. ""Will be"" should be ""is"" or ""were"" depending on the context.
"	". The correct version of the sentence would be: ""Each candidate who has an interest in semantics will be admitted to the department.""



"
0	syntax	". The mistake is in the subject-verb agreement. The verb ""provide"" should be in its base form ""provide"" instead of ""provides"" to match the subject ""each author.""
"	". The corrected sentence would be: ""Each author whose contribution is written in any language other than English will provide a summary in English.""



"
0	syntax	". The mistake is the missing article ""the"" before the word ""tickets"".
"	". The correct version of the sentence would be: ""I'm sure we even got these tickets!""



"
0	syntax	". no explanation given
"	". The correct version of the sentence would be:
""I'm even sure we got these tickets!""
(Note: The exclamation mark is not necessary as the sentence is already a question.)



"
0	syntax	". The mistake is the incorrect order of the subject and the verb. The sentence should be ""I helped him not because I have any sympathy for urban guerillas.""
"	". The correct version of the sentence is: ""I helped him not because I have any sympathy for urban guerillas.""



"
0	syntax	". The mistake is the missing article ""the"" before the word ""Sue.""
"	". The correct version of the sentence would be: ""It isn't because Sue said anything bad about me that I'm angry.""



"
0	syntax	". The mistake is in the subject-verb agreement. ""That he was hungry"" is in the passive voice and requires a plural verb ""were"", not ""was"".
"	". The correct version of the sentence would be: ""That he was hungry, John whined.""



"
0	syntax	". The mistake is in the subject of the sentence. It should be ""I"" instead of ""1"".
"	". The correct version of the sentence is: ""I gave Mary a book after the party.""



"
0	syntax	". The mistake is the missing article ""the"" before the word ""Mary.""
"	". The correct version of the sentence would be: ""The reason I like Mary is because she is so pleasant.""



"
0	syntax	". The mistake is in the subject-verb agreement. The verb ""hate"" should agree with its subject ""he"" in number, which is singular. The correct version of the sentence would be: ""Though he may hate those who criticize Carter, it doesn't matter.""
"	". The corrected sentence is more grammatically correct and easier to understand.



"
0	syntax	". The mistake is in the subject of the sentence. ""No job"" is not a singular noun, so it should be ""No job would make John happy.""
"	". The correct version of the sentence is: ""No job would make John happy.""



"
0	syntax	". The capitalization of the first letter of the sentence is incorrect.
"	". The correct version of the sentence is: ""I have much of the manuscript left to type.""



"
0	syntax	". The mistake is in the subject-verb agreement. ""He's"" is the wrong form of the verb ""to be"" for the subject ""he"" in this sentence. It should be ""He is"" instead.
"	". The correct version of the sentence would be: ""He is a more reliable man.""



"
0	syntax	". The mistake is in the subject-verb agreement. ""Any"" is an indefinite article and should be followed by a singular verb ""trouble,"" not a plural verb ""are.""
"	". The correct version of the sentence would be: ""I don't want any trouble.""



"
1	none	". None.
"	". Your sentence is grammatically correct and it means that bamboo can grow as high as they may grow.



"
0	syntax	". The mistake is in the subject-verb agreement. The verb ""made"" should be in its base form ""make"" as the subject ""some of them"" is in its singular form.
"	". The correct version of the sentence would be: ""Some of them made as many errors as "
0	syntax	". The mistake is that you used the pronoun ""himself"" instead of the correct pronoun ""herself"" or ""him"".
"	". The correct version of the sentence would be: ""Sally kissed herself.""



"
0	syntax	". The mistake is the incorrect order of the subject and the verb. It should be ""I believe that Rosie loves magazine ads"" instead.
"	". The correct version of the sentence is ""I believe that Rosie loves magazine ads.""



"
0	syntax	". The mistake is the missing article ""the"" before the word ""Dave, Dan, Erin, Jaime, and Alina.""
"	". The correct version of the sentence would be: ""The Dave, Dan, Erin, Jaime, and Alina left.""



"
1	none	". None.
"	". The correct version of the sentence is: ""Hopefully, we'll make it through the winter without snow.""



"
0	syntax	". The mistake is in the subject-verb agreement. The verb ""shows"" should agree with the subject ""Blue leather"" which is a noun, not a person.
"	". The correct version of the sentence would be: ""Blue leather shows that Betsy is pretty.""



"
1	none	". None.
"	". The correct version of the sentence is: ""Gwen hit the baseball.""



"
0	syntax	". The mistake is in the subject-verb agreement. ""Hit"" is a singular verb, but it should be ""hits"" to agree with the subject ""you.""
"	". The correct version of the sentence would be: ""I hit you knew the answer.""



"
0	syntax	". The mistake is that the verb ""lost"" should be in its base form ""lose"" to match the past tense of the sentence.
"	". The correct version of the sentence would be: ""I've lost my wallet or I've lost my mind.""



"
1	none	". None.
"	". Your sentence is grammatically correct.



"
1	none	". None.
"	". The correct version of the sentence is: ""He likes cookies, and he hates crumb cake.""



"
0	syntax	". The mistake is in the use of the verb ""chased"" instead of ""chase"".
"	". The correct version of the sentence is: ""They chased the man with the car.""



"
0	syntax	". The mistake is the incorrect use of the verb ""to have"" in the past tense. It should be ""I didn't have"" instead of ""I didn't had.""
"	". The correct version of the sentence is: ""I didn't have a red cent.""



"
0	syntax	". The mistake is the missing article ""the"" before the word ""book of poems.""
"	". The correct version of the sentence would be: ""The book of poems from Blackwell takes a very long time to read.""



"
0	syntax	". The mistake is in the subject-verb agreement. ""The one with a red cover"" should be ""The one with a red cover"" because ""red cover"" is a noun phrase functioning as an attributive noun modifying ""one.""
"	". The correct version of the sentence is: ""The one with a red cover takes a very long time to read.""



"
1	none	". None.
"	". The correct version of the sentence is: ""John has a fear of dogs.""



"
0	syntax	". The mistake is in the subject-verb agreement. ""The building's"" should be ""the building is"" to make the sentence correct.
"	". The correct version of the sentence is ""The building is leaking.""



"
0	syntax	". The mistake is in the subject-verb agreement. The verb ""coat"" should be in its present form ""coats"" to match the subject ""panther's"".
"	". The correct version of the sentence would be: ""The panther's coat is dark black.""



"
0	syntax	". The mistake is in the subject of the sentence. ""They"" is not agreed with the verb ""could get."" It should be ""he"" or ""she"" to match the subject ""Colin.""
"	". The correct version of the sentence would be: ""Colin asked if he could get a mortgage.""



"
0	syntax	". The mistake is the incorrect order of the subject and the verb. The verb ""robbed"" should come after the subject ""man.""
"	". The correct version of the sentence would be: ""The man who got into the cab robbed the bank.""



"
0	syntax	". The mistake is that the verb ""eat"" should be in its base form ""eat"" instead of ""eats"" to match the subject ""you"".
"	". The correct version of the sentence would be: ""I know you eat asparagus.""



"
0	syntax	". The mistake is in the subject-verb agreement. ""John's drum"" is a noun phrase functioning as the subject of the sentence, but it should be followed by a verb in its base form, not the third person singular form ""bothers.""
"	". The correct version of the sentence would be: ""John's drum will always bother me.""



"
0	syntax	". The capitalization of the first letter of the sentence is incorrect.
"	". The correct version of the sentence is: ""An evil thought struck Dave.""



"
0	syntax	". The mistake is in the verb placement. ""In the classroom John put the book on the table"" should be ""John put the book on the table in the classroom.""
"	". The correct version of the sentence is ""John put the book on the table in the classroom.""



"
0	syntax	". The mistake is in the subject-verb agreement. The verb ""gave"" should be in its base form ""give"" as the subject ""Phillip"" is singular, but it is in its participle form ""given"" which is used for past participle verbs.
"	". The correct version of the sentence would be: ""Phillip gave the medal to the soldier.""



"
0	syntax	". The mistake is the incorrect order of the subject ""Heidi"" and the verb ""thinks"". It should be ""Heidi thinks that Andy eats salmon flavored candy bars.""
"	". The correct version of the sentence is ""Heidi thinks that Andy eats salmon flavored candy bars.""



"
0	syntax	". The mistake is the incorrect use of the verb ""to eat"". It should be ""eats"" in the past tense, as the sentence is in the past tense.
"	". The correct version of the sentence would be: ""Heidi thinks that Andy should eat salmon-flavored candy bars.""



"
1	none	". None.
"	". The sentence is grammatically correct as it is.



"
0	syntax	". The mistake is in the subject-verb agreement. The verb ""did"" should agree with the subject ""Calvin"" in number, which is singular. The correct sentence should be ""Did Calvin do his homework?""
"	". The correct version of the sentence is: ""Did Calvin do his homework?""



"
0	syntax	". The mistake is the missing article ""the"" before the word ""Sylvia"" and ""Jeff.""
"	". The correct version of the sentence would be: ""The Sylvia was slapping Jeff upside the head in martial arts class.""



"
0	syntax	". The mistake is in the subject-verb agreement. The verb ""buy"" should be in its base form ""buy"" instead of ""buys"" to match the subject ""I"".
"	". The correct version of the sentence would be: ""If I am a rich man, I would buy a diamond ring.""



"
0	syntax	". The mistake is in the subject-verb agreement. The verb ""buy"" should agree with the subject ""he"" which is in the present tense, so the sentence should be ""If he were a rich man, he would buy a diamond ring.""
"	". The correct version of the sentence is ""If he were a rich man, he would buy a diamond ring.""



"
1	syntax	". None.
"	". The correct version of the sentence is: ""John is likely to leave.""



"
1	none	". None.
"	". The correct version of the sentence is: ""The manager laughed.""



"
0	syntax	". The mistake is in the use of the verb ""sunk"" which is the past tense of the verb ""sink"". The correct verb to use in this context is ""was sunk"" or ""sank"".
"	". The correct version of the sentence would be ""Was sunk"" or ""Sank"".



"
0	syntax	". The mistake is the missing article ""the"" before the word ""gorilla.""
"	". The correct version of the sentence would be: ""Who did you think kissed the gorilla?""



"
0	syntax	". The mistake is the missing article ""the"" before the word ""model airplane collection.""
"	". The correct version of the sentence is ""Have you seen the model airplane collection?""



"
1	none	". None.
"	". Your sentence is grammatically correct.



"
0	syntax	". The mistake is the missing article ""the"" before the word ""salad.""
"	". The correct version of the sentence would be: ""I ate a salad that was filled with lima beans.""



"
1	none	". None
"	". The correct version of the sentence is: ""There were four men arriving at the station when I pulled up.""



"
1	none	". None.
"	". The correct version of the sentence is: ""Jean is reluctant to dance.""



"
1	none	". None.
"	". The correct version of the sentence is: ""I want her to dance.""



"
0	syntax	". The mistake is the lack of a verb in the second clause. It should be ""Jean persuaded Robert to do something"" or ""Jean persuaded Robert to be something"".
"	". The correct version of the sentence would be: ""Jean persuaded Robert to do something"" or ""Jean persuaded Robert to be something"".



"
0	syntax	". The mistake is in the use of the verb ""to do"" in its continuous form ""does"" instead of the base form ""do"".
"	". The correct version of the sentence would be: ""Jean wants Bill to do the Macarena.""



"
1	none	". None.
"	". The correct version of the sentence is: ""The children admire their mother.""



"
0	syntax	". The mistake is in the subject of the sentence. It should be ""Who has Peter talked with?"" instead of ""Who has Peter talked with?""
"	". The correct version of the sentence is ""Who has Peter talked with?""



"
1	none	". None.
"	". The correct version of the sentence is: ""Heidi likes her violin.""



"
0	syntax	". The mistake is the incorrect order of the subject and the verb. The sentence should be ""Mary loves John,"" not ""John thinks that Mary loves himself.""
"	". The correct version of the sentence is ""Mary loves John.""



"
0	syntax	". The mistake is in the subject of the sentence. It should be ""Which pictures of himself does John like?"" instead of ""Which pictures of himself does John like?"".
"	". The correct version of the sentence is: ""Which pictures of himself does John like?""



"
0	syntax	". The mistake is that ""Any"" should be ""A"" before ""owl"".
"	". The correct version of the sentence is ""A owl hunts mice.""



"
0	syntax	". The mistake is in the subject of the sentence. ""Any man"" is not a singular subject to match the verb ""ate."" It should be ""Any man did not eat dinner.""
"	". The correct version of the sentence is: ""Any man did not eat dinner.""



"
1	none	". No mistakes are visible in the sentence.
"	". The correct version of the sentence is: ""A pilot could fly this plane.""



"
1	none	". None.
"	". The correct version of the sentence is.



"
0	syntax	". The mistake is the missing article ""the"" before the word ""rally.""
"	". The correct version of the sentence would be: ""The rally last week was huge, and anyone who attended signed the petition.""



"
1	none	". None.
"	". The correct version of the sentence is.



"
1	none	". None.
"	". The correct version of the sentence is.



"
1	none	". None.
"	". Your sentence is grammatically correct and can be left as is.



"
0	syntax	". The mistake is the missing article ""the"" before the word ""plane.""
"	". The correct version of the sentence would be: ""The pilot on duty today could be flying this plane.""



"
0	syntax	". The mistake is in the subject-verb agreement. ""You"" is singular, but ""may pick"" is in the plural form. It should be ""You may pick every flower, but leave a few for Mary.""
"	". The correct version of the sentence is: ""You may pick every flower, but leave a few for Mary.""



"
1	none	". None.
"	". The correct version of the sentence is.



"
0	syntax	". The mistake is in the subject of the sentence. It should be ""Which car was the man seen in?"" instead of ""In which car was the man seen?""
"	". The correct version of the sentence would be: ""Which car was the man seen in?""



"
1	none	". None.
"	". The correct version of the sentence is.



"
0	syntax	". The mistake is in the order of the clauses. The correct order should be: ""The kennel that Mary made, Fido sleeps in it.""
"	". The correct version of the sentence is: ""The kennel that Mary made, Fido sleeps in it.""



"
0	syntax	". The mistake is the incorrect order of the subject and the verb in the second clause. It should be ""Bill actually ate a raw eggplant"" instead of ""Bill actually did eat a raw eggplant.""
"	". The correct version of the sentence would be: ""Tom said he would, and Bill actually ate a raw eggplant.""



"
1	none	". None.
"	". The correct version of the sentence is.



"
1	none	". None.
"	". The correct version of the sentence is.



"
1	none	". None.
"	". The correct version of the sentence is: ""A tall building.""



"
1	none	". None.
"	". The correct version of the sentence is: ""This building is tall.""



"
1	none	". None.
"	". The correct version of the sentence is.



"
1	none	". None.
"	". The correct version of the sentence is.



"
0	syntax	". The mistake is in the subject-verb agreement. ""She asked"" is in the present tense, but ""was Alison coming"" is in the passive voice and requires the past continuous tense.
"	". The correct version of the sentence would be: ""She asked if Alison was coming to the party.""



"
0	syntax	". The mistake is in the subject-verb agreement. The verb ""realized"" should be in its base form ""realize"" as the subject ""they"" is in its singular form.
"	". The correct version of the sentence would be: ""They realized that Sir Thomas had never been so offended.""



"
1	none	". None.
"	". The correct version of the sentence is.



"
0	syntax	". The mistake is in the verb tense. ""Knowing"" should be in the past tense ""knew"" and ""took"" should be in the past participle ""taken"" to match the past tense of ""knowing.""
"	". The correct version of the sentence would be: ""Knowing the country well, he took a short cut.""



"
1	none	". None.
"	". The correct version of the sentence is.



"
1	none	". None.
"	". The correct version of the sentence is.



"
1	none	". None.
"	". The correct version of the sentence is.



"
0	syntax	". The mistake is in the word order. The correct order should be: ""The idea dismayed the Prime Minister that the Dome was dull.""
"	". The correct version of the sentence is: ""The idea dismayed the Prime Minister that the Dome was dull.""



"
0	syntax	". The mistake is the lack of a subject before the verb ""did."" It should be ""He came right in without so much as a knock.""
"	". The correct version of the sentence is: ""He came right in without so much as a knock.""



"
1	none	". None.
"	". The correct version of the sentence is: ""Harriet admired Mr. Knightley.""



"
1	none	". None.
"	". The correct version of the sentence is.



"
0	syntax	". The mistake is the missing article ""the"" before the word ""awkward questions.""
"	". The correct version of the sentence would be: ""The Ethel wishes to ask you some awkward questions.""



"
1	none	". None.
"	". The correct version of the sentence is.



"
0	syntax	". The mistake is the missing article ""the"" before the word ""window"".
"	". The correct version of the sentence would be: ""The window was broken with a hammer.""



"
1	none	". None.
"	". The correct version of the sentence is.



"
0	syntax	". The mistake is in the verb tense. ""Marched"" should be in the past tense ""marched"" instead.
"	". The correct version of the sentence is: ""The guard marched the prisoners around the yard.""



"
1	none	". None.
"	". The correct version of the sentence is: ""Frank Churchill crossed the street.""



"
1	syntax	". None.
"	". The correct version of the sentence is: ""Emma and Harriet were attacked yesterday.""



"
0	syntax	". The mistake is in the verb tense. ""Might"" is used to indicate possibility or uncertainty, but it should be ""will"" to indicate a future event.
"	". The correct version of the sentence would be: ""Fiona will be here by 5 o'clock.""



"
1	none	". None.
"	". The correct version of the sentence is.



"
0	syntax	". The mistake is in the word order. The correct order should be: ""Pat was awarded the Golden Fleece Award and was very upset about it.""
"	". The correct version of the sentence is: ""Pat was awarded the Golden Fleece Award and was very upset about it.""



"
0	syntax	". The mistake is the incorrect order of the subject and the verb. The sentence should be ""Kim beat his dog and alienated cats.""
"	". The correct version of the sentence is ""Kim beat his dog and alienated cats.""



"
0	syntax	". The mistake is in the subject-verb agreement. The verb ""will be"" should agree with its subject ""pictures"" which is in the plural form.
"	". The correct version of the sentence would be: ""They knew that pictures of each other would be on sale.""



"
0	syntax	". The mistake is in the subject-verb agreement. The verb ""filed"" should be in its past tense form ""filed"" instead of ""files"" to match the subject ""Terry"".
"	". The correct version of the sentence would be: ""Which article did Terry file papers without reading?"".



"
0	syntax	". The mistake is the missing article ""the"" before the word ""whiskey.""
"	". The correct version of the sentence would be: ""I want to try and buy some whiskey.""



"
0	syntax	". The mistake is in the verb tense. ""Goes"" is in the present tense, but ""buying"" is in the present participle tense (which is used in the progressive form). To make the sentence grammatically correct, you should use the present participle tense for both verbs, like this: ""She goes and buys some whiskey.""
"	". The correct version of the sentence is: ""She goes and buys some whiskey.""



"
0	syntax	". The mistake is that you have used the plural form ""is"" instead of the singular form ""is"" to match the subject ""Kim and Terry.""
"	". The correct version of the sentence would be ""Kim and Terry are happy.""



"
0	syntax	". The mistake is in the order of the items in the list. The correct order would be ""Kim gave a dollar to Bobbie and a dime to Jean.""
"	". The correct version of the sentence is ""Kim gave a dollar to Bobbie and a dime to Jean.""



"
0	syntax	". The mistake is the missing article ""the"" before the word ""picture of Bill.""
"	". The correct version of the sentence would be: ""The girl in the red coat will put a picture of Bill in the mailbox and on your desk before tomorrow.""



"
0	syntax	". The mistake is in the word order. The correct order should be: ""Put a picture of Bill on your desk before tomorrow; this girl in the red coat will put a picture of Bill on your desk before tomorrow.""
"	". The correct version of the sentence is: ""Put a picture of Bill on your desk before tomorrow; this girl in the red coat will put a picture of Bill on your desk before tomorrow.""



"
0	syntax	". The mistake is in the word order. The correct order should be: ""This girl in the red coat will put a picture of Bill on your desk before tomorrow.""
"	". The correct version of the sentence is: ""This girl in the red coat will put a picture of Bill on your desk before tomorrow.""



"
0	syntax	". The mistake is the incorrect order of the subject and the verb. The sentence should be ""Ann bought a first edition of Richard III for $1000.""
"	". The correct version of the sentence is: ""Ann bought a first edition of Richard III for $1000.""



"
0	syntax	". The mistake is the incorrect order of the subject and the verb. The sentence should be ""John became afraid of flying.""
"	". The correct version of the sentence is ""John became afraid of flying.""



"
0	syntax	". The mistake is in the verb tense. ""Promised"" is in the past tense, but ""be"" is in the present tense. The sentence should be ""What John promised is to be gentle."" or ""What John promised is that he will be gentle.""
"	". The correct version of the sentence is ""What John promised is that he will be gentle.""



"
0	syntax	". The mistake is the missing article ""the"" before the word ""books.""
"	". The correct version of the sentence would be: ""The Henri wants to buy which books about cooking?""



"
0	syntax	". The mistake is in the use of the verb ""fix"" which should be in its base form ""fix"" instead of ""fixes"" to match the subject ""I"".
"	". The correct version of the sentence would be: ""I will fix the computer for Carol.""



"
0	syntax	". The mistake is the missing article ""the"" before the word ""library.""
"	". The correct version of the sentence is: ""The Smith loaned a valuable collection of manuscripts to the library.""



"
0	syntax	". The mistake is the missing article ""the"" before the word ""paper"".
"	". The correct version of the sentence is: ""The paper is cut by Mary.""



"
0	syntax	". The mistake is in the use of the word ""or"" which should be replaced with ""either"" to convey the correct meaning.
"	". The correct version of the sentence is: ""It was from six to nine or it took place from six to nine.""



"
0	syntax	". The mistake is in the subject-verb agreement. The verb ""arrived"" should be in its base form ""arrive"" as the subject ""two inspectors"" is in its plural form.
"	". The correct version of the sentence would be: ""Suddenly, two inspectors from the INS arrived.""



"
0	syntax	". The mistake is that you have used the present participle ""cooking"" instead of the past participle ""cooked"" to describe the completed action of cooking the soup.
"	". The correct version of the sentence would be: ""The soup has cooked and thickened.""



"
1	none	". None.
"	". The correct version of the sentence is: ""I gave money to the charity.""



"
1	none	". None.
"	". The correct version of the sentence is: ""John asked.""



"
0	syntax	". The mistake is the incorrect order of the subject and the verb. ""The student, even"" should come before ""I saw.""
"	". The correct version of the sentence is: ""I saw the student, even.""



"
0	syntax	". The mistake is in the order of the subject and the verb. The subject ""John"" should come before the verb ""whispered.""
"	". The correct version of the sentence would be: ""John whispered that Mary left.""



"
0	syntax	". The mistake is in the subject-verb agreement. The verb ""wonders"" should be in its base form ""wonder"" as the subject ""Mary"" is singular.
"	". The correct version of the sentence would be: ""Mary wonders if Bill will come.""



"
0	syntax	". The mistake is that you used the present tense ""will"" instead of the past tense ""would"" to describe a completed action in the past.
"	". The correct version of the sentence would be: ""Sophie will have theatered.""



"
1	none	". None.
"	". John finished the cake and drank the lemonade.



"
0	syntax	". The mistake is in the subject of the sentence. ""Herself"" is not a proper noun and should be replaced with a proper noun or an indefinite noun phrase to function as the subject of the sentence.
"	". The correct version of the sentence would be: ""Mary's mother is liked by herself.""



"
0	syntax	". The mistake is in the subject-verb agreement. The verb ""fought"" should be in its base form ""fight"" as the subject ""each of the boys"" is in its singular form.
"	". The correct version of the sentence would be: ""Each of the boys fought with some of the other boys.""



"
0	syntax	". The mistake is in the subject-verb agreement. ""John's mother"" is a noun phrase functioning as the subject, and it should agree with the verb ""likes"" in number. The correct sentence would be ""John's mother likes herself"" or ""John's mother likes herself.""
"	". The correct version of the sentence is ""John's mother likes herself.""



"
0	syntax	". The mistake is in the subject-verb agreement. The pronoun ""himself"" is used instead of the proper noun ""Mary"" as the subject of the sentence, which causes a syntax error.
"	". The correct version of the sentence would be: ""Mary revealed himself to John.""



"
0	syntax	". The mistake is the incorrect order of the subject and the verb. The sentence should be ""Bill saw Mary.""
"	". The correct version of the sentence is ""Bill saw Mary.""



"
0	syntax	". The mistake is in the subject-verb agreement. The verb ""heard"" should be in its base form ""hear"" as the subject ""John"" is singular, while the verb ""criticized"" is in its third person singular form.
"	". The correct version of the sentence would be: ""John heard that they criticized themselves.""



"
1	none	". None.
"	". The correct version of the sentence is: ""Mary thinks that she is smart.""



"
0	syntax	". The mistake is the incorrect order of the subject and the verb. It should be ""Bill is sad"" instead of ""Henry found that Bill is sad.""
"	". The correct version of the sentence is ""Bill is sad. Henry found it.""



"
0	syntax	". The mistake is in the subject-verb agreement. ""considers"" is a third-person singular verb, which should agree with a third-person singular subject, ""John"". However, ""proud"" is a second-person singular verb, which does not agree with ""John"".
"	". The correct version of the sentence would be: ""John considers himself proud of Mary.""



"
0	syntax	". The mistake is in the subject-verb agreement. ""You"" is singular, but ""should sit"" is in the plural form.
"	". The correct version of the sentence would be: ""You should sit before you.""



"
0	none	". None.
"	". The correct version of the sentence is: ""There is a nurse available.""



"
0	syntax	". The mistake is in the subject-verb agreement. ""Everyone"" is a singular noun, but the verb ""hopes"" is in the plural form. It should be ""Everyone hopes that everyone sleeps.""
"	". The corrected sentence is: ""Everyone hopes that everyone sleeps.""



"
0	syntax	". The mistake is the incorrect order of the subject and the verb. The sentence should be ""He hopes that everyone will sleep.""
"	". The correct version of the sentence is ""He hopes that everyone will sleep.""



"
0	syntax	". The mistake is the incorrect order of the subject and the verb. The sentence should be ""Churchill remembered giving the Blood, Sweat and Tears speech.""
"	". The correct version of the sentence is: ""Churchill remembered giving the Blood, Sweat and Tears speech.""



"
0	syntax	". The mistake is in the subject-verb agreement. The verb ""shave"" should agree with the subject ""John"" in number, which is singular. The correct sentence should be ""John promises Mary that he will shave himself.""
"	". The correct version of the sentence is ""John promises Mary that he will shave himself.""



"
0	syntax	". The mistake is the incorrect order of the subject and the verb. The sentence should be ""Mary should sleep; John convinced Bill of this.""
"	". The correct version of the sentence is ""Mary should sleep; John convinced Bill of this.""



"
0	syntax	". The mistake is the incorrect order of the subject and the verb. The verb ""did so"" should be after the subject ""you.""
"	". The correct version of the sentence would be: ""I saw Bill while you were doing so Mary.""



"
0	syntax	". The mistake is in the subject-verb agreement. The verb ""give"" should be in its base form ""gives"" to match the subject ""Bill"" which is in its singular form.
"	". The correct version of the sentence would be: ""What Mary did Bill was give a book."" or ""What Mary did, Bill gave a book.""



"
0	syntax	". The mistake is the lack of an article ""the"" before the word ""bears.""
"	". The correct version of the sentence would be: ""The bears sniffed.""



"
0	syntax	". The mistake is the missing article ""the"" before the word ""talismans"".
"	". The correct version of the sentence would be: ""The stealing of talismans from witches is dangerous.""



"
0	syntax	". The mistake is in the subject-verb agreement. The verb ""demonized"" should agree with its subject ""Anson"" in number.
"	". The correct version of the sentence would be: ""Anson was demonized.""



"
0	syntax	". The mistake is the incorrect use of the verb ""kicked."" It should be ""kick yourself"" to make the sentence grammatically correct.
"	". The correct version of the sentence is: ""You should kick yourselves.""



"
0	syntax	". The mistake is in the order of the subject and the verb. The correct order should be ""I said that I would never read the book.""
"	". The correct version of the sentence is: ""I said that I would never read the book.""



"
0	syntax	". The mistake is in the subject-verb agreement. The verb ""demonized"" should be in its past participle form ""demonized"" to agree with the subject ""Anson.""
"	". The correct version of the sentence would be: ""Anson demonized up the Khyber.""



"
1	none	". None.
"	". The correct version of the sentence is: ""It is not true that I might be going to the party.""



"
0	syntax	". The mistake is that ""kick"" is a verb, but it is used as an object in the sentence.
"	". The correct version of the sentence would be ""Kick me!"" or ""Kick you!"" depending on the intended meaning.



"
0	syntax	". The mistake is in the subject-verb agreement. The verb ""treat"" should be in its base form ""treat"" instead of the past participle ""treated"".
"	". The correct version of the sentence would be: ""Jason persuaded the doctor to treat Medea.""



"
0	syntax	". The mistake is in the subject-verb agreement. The verb ""got"" should be in its past tense form ""got"" instead of the present tense form ""get"".
"	". The correct version of the sentence would be: ""Who did you get an accurate description of?""



"
0	syntax	". The mistake is the incorrect order of the subject and the verb. The sentence should be ""The Peter that we all like was at the party.""
"	". The correct version of the sentence is ""The Peter that we all like was at the party.""



"
0	syntax	". The mistake is the lack of a verb in the sentence. It should be ""The government imposes a fine.""
"	". The correct version of the sentence is ""The government imposes a fine.""



"
0	syntax	". The mistake is in the use of the verb ""help"" in its past tense form ""helps"" instead of the base form ""help"" to match the subject ""Did Athena help us?"".
"	". The correct version of the sentence would be: ""Did Athena help us?"" (Correct syntax, semantics and morphology).



"
0	syntax	". The mistake is the missing article ""the"" before the word ""man"".
"	". The correct version of the sentence would be: ""You wanted to meet the man I saw.""



"
0	syntax	". The mistake is in the subject-verb agreement. The verb ""demonized"" should agree with its subject ""Anson"" in number.
"	". The correct version of the sentence would be: ""Anson demonizes David every day.""



"
0	none	". None.
"	" tonight?""



"
0	syntax	". The mistake is in the subject-verb agreement. ""Medea"" is singular, but ""denied"" is conjugated in the third person singular form. It should be ""Medea denied"" instead.
"	". The correct version of the sentence would be: ""Medea denied poisoning the phoenix.""



"
1	syntax	". None.
"	". The correct version of the sentence is: ""The elixir was hidden in a hole in the ground.""



"
0	syntax	". The mistake is in the word order. ""Extremely frantically"" should be moved to before ""Anson danced at Trade 1"".
"	". The correct version of the sentence would be: ""Extremely frantically, Anson danced at Trade 1.""



"
0	syntax	". The mistake is in the subject-verb agreement. The verb ""ask"" should be in its base form ""ask"" instead of ""asks"" to match the subject ""who"".
"	". The correct version of the sentence would be: ""What did you ask who Medea gave?""



"
0	syntax	". The mistake is in the subject of the sentence. It should be ""Anson"" instead of ""It's Anson.""
"	". The correct version of the sentence is ""Anson is the one I like.""



"
0	syntax	". The mistake is in the word order. ""Medea tried the nurse to poison her children"" should be ""Medea tried to poison her children, and the nurse helped her.""
"	". The correct version of the sentence is ""Medea tried to poison her children, and the nurse helped her.""



"
0	syntax	". The mistake is that ""know"" should be replaced with ""knowledge"" because ""knowledge"" is the correct verb form to use in this context. ""Know"" is the base form of the verb and ""knowledge"" is the past participle, which is used to form the present perfect tense.
"	". The correct version of the sentence would be: ""I felt that I know knowledge.""



"
0	syntax	". The mistake is the incorrect order of the subject and the verb. The sentence should be ""Can he do it?""
"	". The correct version of the sentence is ""Can he do it?""



"
0	syntax	". The mistake is the incorrect order of the subject and the verb. The sentence should be ""I ate that she was happy.""
"	". The correct version of the sentence is ""I ate that she was happy.""



"
0	syntax	". The mistake is in the use of the word ""to"" before ""believed"". It should be ""Anson believed that he was handsome.""
"	". The correct version of the sentence is: ""Anson believed that he was handsome.""



"
1	none	". None.
"	". Your sentence is grammatically correct and there is no need for any changes.



"
0	syntax	". The mistake is the incorrect order of the subject and the verb. The sentence should be ""Gilgamesh fought the dragon.""
"	". The correct version of the sentence is ""Gilgamesh fought the dragon.""



"
0	syntax	". The mistake is in the subject-verb agreement. The pronoun ""himself"" should be replaced with ""he"" to make the sentence grammatically correct.
"	". The correct version of the sentence is: ""Anson thought that he was happy.""



"
1	none	". None.
"	". Your sentence is grammatically correct and there is no need for any changes.



"
1	none	". None.
"	". Your sentence is grammatically correct and there is no need for any changes.



"
0	syntax	". The mistake is in the subject-verb agreement. ""I thought"" is a linking verb and does not take an object, so there should be no ""myself"" after it.
"	". The correct version of the sentence would be: ""I thought he liked me.""



"
1	none	". None.
"	". Your sentence is grammatically correct and there is no need for any changes.



"
1	none	". None.
"	". Your sentence is grammatically correct and there is no need for any changes.



"
0	syntax	". The mistake is in the subject-verb agreement. The verb ""saw"" should be in its base form ""see"" as the subject ""who"" is singular.
"	". The correct version of the sentence would be: ""What did you ask who saw?"" or ""What did you ask someone who saw?""



"
1	none	". None.
"	". Your sentence is grammatically correct and there is no need for any changes.



"
0	syntax	". The mistake is in the subject-verb agreement. ""He can"" is a contraction for ""he can go,"" but the verb ""go"" should agree with the subject ""he"" in number.
"	". The correct version of the sentence would be: ""He can go.""



"
0	syntax	". The mistake is in the subject-verb agreement. ""How fierce the battle"" is a noun phrase functioning as a subject, but it should be followed by a verb in the same number. The correct version should be ""How fierce is the battle?"" or ""How fierce is the fight?""
"	". The correct version of the sentence is ""How fierce is the battle?"" or ""How fierce is the fight?""



"
0	syntax	". The mistake is in the subject-verb agreement. The verb ""did"" should agree with the subject ""king"" and take the third-person singular form ""did"" instead of the first-person singular form ""did.""
"	". The correct version of the sentence would be: ""Which king did you ask which city invaded?""



"
0	syntax	". The mistake is the missing article ""the"" before the word ""ditches.""
"	". The correct version of the sentence would be: ""There are some disgruntled old pigs in those ditches that humans love to eat.""



"
1	none	". None.
"	". Your sentence is grammatically correct and there is no need for any changes.



"
1	none	". None.
"	". Your sentence is grammatically correct and there is no need for any changes.



"
1	none	". None.
"	". Your sentence is grammatically correct and there is no need for any changes.



"
1	none	". None.
"	". Your sentence is grammatically correct and there is no need for any changes.



"
0	syntax	". The mistake is the lack of a subject in the sentence. It should be ""Will Anson come to the party?"" instead.
"	". The correct version of the sentence is ""Will Anson come to the party?""



"
1	none	". None.
"	". Your sentence is grammatically correct and there is no need for any changes.



"
0	syntax	". The mistake is in the subject-verb agreement. The verb ""inquired"" should be in its base form ""inquire"" as the subject ""I"" is singular, but it is in its third form ""inquired"" which is used for the past tense and the third person singular.
"	". The correct version of the sentence would be: ""I inquired when we could leave.""



"
1	none	". None.
"	". Your sentence is grammatically correct and there is no need for any changes.



"
0	syntax	". The mistake is the incorrect order of the subject and the verb. The correct order should be ""The monkey ate the banana.""
"	". The correct version of the sentence is ""The monkey ate the banana.""



"
0	syntax	". The mistake is in the subject-verb agreement. ""I would like to could swim"" should be ""I would like to be able to swim"" or ""I would like to have the ability to swim.""
"	". The correct version of the sentence is ""I would like to be able to swim"" or ""I would like to have the ability to swim.""



"
1	none	". None.
"	". Your sentence is grammatically correct and there is no need for any changes.



"
0	syntax	". The mistake is that ""ran"" is a verb, but it should be followed by a noun or a gerund (a verb form ending in ""-ing"" that functions as a noun) to form a compound verb. For example, ""The bookcase is running.""
"	". The correct version of the sentence would be: ""The bookcase is running.""



"
1	none	". None.
"	". Your sentence is grammatically correct and there is no need for any changes.



"
0	syntax	". The mistake is in the verb form. ""Anson"" is the subject of the sentence, and ""became"" is the past tense of the verb ""become,"" but ""became"" should be ""becomes"" in this context to form a continuous tense.
"	". The correct version of the sentence would be: ""Anson becomes a muscle bound.""



"
